{"flutter":{"platforms":{"android":{"default":{"projectId":"breakpoint-dc13d","appId":"1:71508890687:android:23c2334b003a71ac8f948a","fileOutput":"android/app/google-services.json"}},"dart":{"lib/firebase_options.dart":{"projectId":"breakpoint-dc13d","configurations":{"android":"1:71508890687:android:23c2334b003a71ac8f948a","ios":"1:71508890687:ios:0ea7c4dc46fb9e9c8f948a","macos":"1:71508890687:ios:0ea7c4dc46fb9e9c8f948a","web":"1:71508890687:web:67d205c028fbf5898f948a","windows":"1:71508890687:web:3f931f03d0aa7dbc8f948a"}}}}}}